"Probabilities","Label"
0.053,"No"
0.011,"No"
0.021,"No"
0.014,"No"
0.034,"No"
0.045,"No"
0.311,"No"
0.875,"Yes"
0.122,"No"
0.639,"Yes"
0.08,"No"
0.01,"No"
0.065,"No"
0.037,"No"
0.206,"No"
0.936,"Yes"
0.064,"No"
0.644,"Yes"
0.033,"No"
0.069,"No"
0.968,"Yes"
0.012,"No"
0.008,"No"
0.118,"No"
0.012,"No"
0.029,"No"
0.022,"No"
0.031,"No"
0.011,"No"
0.046,"No"
0.453,"No"
0.979,"Yes"
0.218,"No"
0.019,"No"
0.02,"No"
0.813,"Yes"
0.018,"No"
0.019,"No"
0.473,"No"
0.012,"No"
0.025,"No"
0.019,"No"
0.707,"Yes"
0.055,"No"
0.02,"No"
0.062,"No"
0.149,"No"
0.109,"No"
0.536,"Yes"
0.405,"No"
0.142,"No"
0.02,"No"
0.026,"No"
0.538,"Yes"
0.974,"Yes"
0.979,"Yes"
0.083,"No"
0.952,"Yes"
0.316,"No"
0.021,"No"
0.016,"No"
0.387,"No"
0.014,"No"
0.013,"No"
0.146,"No"
0.02,"No"
0.012,"No"
0.05,"No"
0.033,"No"
0.095,"No"
0.08,"No"
0.969,"Yes"
0.332,"No"
0.06,"No"
0.105,"No"
0.533,"Yes"
0.093,"No"
0.887,"Yes"
0.85,"Yes"
0.057,"No"
0.971,"Yes"
0.025,"No"
0.904,"Yes"
0.051,"No"
0.039,"No"
0.026,"No"
0.962,"Yes"
0.943,"Yes"
0.96,"Yes"
0.008,"No"
0.017,"No"
0.009,"No"
0.007,"No"
0.245,"No"
0.964,"Yes"
0.028,"No"
0.023,"No"
0.728,"Yes"
0.032,"No"
0.101,"No"
0.975,"Yes"
0.021,"No"
0.035,"No"
0.988,"Yes"
0.013,"No"
0.12,"No"
0.028,"No"
0.019,"No"
0.025,"No"
0.047,"No"
0.832,"Yes"
0.959,"Yes"
0.973,"Yes"
0.197,"No"
0.048,"No"
0.026,"No"
0.867,"Yes"
0.987,"Yes"
0.014,"No"
0.103,"No"
0.024,"No"
0.04,"No"
0.448,"No"
0.807,"Yes"
0.504,"Yes"
0.205,"No"
0.982,"Yes"
0.055,"No"
0.045,"No"
0.078,"No"
0.014,"No"
0.737,"Yes"
0.065,"No"
0.054,"No"
0.027,"No"
0.038,"No"
0.16,"No"
0.028,"No"
0.827,"Yes"
0.841,"Yes"
0.636,"Yes"
0.043,"No"
0.019,"No"
0.246,"No"
0.984,"Yes"
0.117,"No"
0.996,"Yes"
0.061,"No"
0.123,"No"
0.014,"No"
0.019,"No"
0.977,"Yes"
0.888,"Yes"
0.11,"No"
0.014,"No"
0.015,"No"
0.207,"No"
0.158,"No"
0.031,"No"
0.373,"No"
0.905,"Yes"
0.485,"No"
0.009,"No"
0.008,"No"
0.251,"No"
0.025,"No"
0.012,"No"
0.01,"No"
0.88,"Yes"
0.941,"Yes"
0.033,"No"
0.609,"Yes"
0.254,"No"
0.014,"No"
0.965,"Yes"
0.016,"No"
0.128,"No"
0.01,"No"
0.931,"Yes"
0.271,"No"
0.013,"No"
0.986,"Yes"
0.145,"No"
0.087,"No"
0.03,"No"
0.037,"No"
0.112,"No"
0.074,"No"
0.968,"Yes"
0.123,"No"
0.069,"No"
0.149,"No"
0.977,"Yes"
0.069,"No"
0.39,"No"
0.931,"Yes"
0.034,"No"
0.024,"No"
0.013,"No"
0.605,"Yes"
0.533,"Yes"
0.143,"No"
0.117,"No"
0.055,"No"
0.278,"No"
0.955,"Yes"
0.092,"No"
0.035,"No"
0.037,"No"
0.041,"No"
0.975,"Yes"
0.902,"Yes"
0.186,"No"
0.011,"No"
0.03,"No"
0.052,"No"
0.972,"Yes"
0.143,"No"
0.952,"Yes"
0.981,"Yes"
0.025,"No"
0.052,"No"
0.915,"Yes"
0.03,"No"
0.014,"No"
0.188,"No"
0.91,"Yes"
0.035,"No"
0.011,"No"
0.008,"No"
0.02,"No"
0.967,"Yes"
0.069,"No"
0.102,"No"
0.118,"No"
0.897,"Yes"
0.05,"No"
0.987,"Yes"
0.563,"Yes"
0.031,"No"
0.073,"No"
0.266,"No"
0.034,"No"
0.012,"No"
0.195,"No"
0.509,"Yes"
0.022,"No"
0.97,"Yes"
0.558,"Yes"
0.011,"No"
0.985,"Yes"
0.988,"Yes"
0.014,"No"
0.972,"Yes"
0.976,"Yes"
0.052,"No"
0.29,"No"
0.008,"No"
0.732,"Yes"
0.071,"No"
0.071,"No"
0.401,"No"
0.024,"No"
0.016,"No"
0.944,"Yes"
0.207,"No"
0.024,"No"
0.127,"No"
0.461,"No"
0.508,"Yes"
0.027,"No"
0.021,"No"
0.587,"Yes"
0.019,"No"
0.856,"Yes"
0.8,"Yes"
0.033,"No"
0.84,"Yes"
0.933,"Yes"
0.022,"No"
0.695,"Yes"
0.84,"Yes"
0.012,"No"
0.059,"No"
0.016,"No"
0.019,"No"
0.782,"Yes"
0.981,"Yes"
0.097,"No"
0.121,"No"
0.82,"Yes"
0.03,"No"
0.043,"No"
0.05,"No"
0.471,"No"
0.085,"No"
0.035,"No"
0.1,"No"
0.028,"No"
0.979,"Yes"
0.672,"Yes"
0.025,"No"
0.018,"No"
0.961,"Yes"
0.031,"No"
0.075,"No"
0.22,"No"
0.022,"No"
0.1,"No"
0.533,"Yes"
0.057,"No"
0.971,"Yes"
0.058,"No"
0.98,"Yes"
0.167,"No"
0.429,"No"
0.019,"No"
0.203,"No"
0.131,"No"
0.042,"No"
0.551,"Yes"
0.953,"Yes"
